site,lat,lng,zip,name,address,phone,email,web
"SlugandLettuce","","","EC3N 1DD","Slug & Lettuce Aldgate","St. Clare House, London, England, EC3N 1DD","","",""
"SlugandLettuce","","","SE1 7PJ","Slug & Lettuce County Hall","north Block 1 - 63, London, London, SE1 7PJ","","",""
"SlugandLettuce","","","CR0 1JA","Slug & Lettuce Croydon","10 Park Lane, Croydon, Greater London, CR0 1JA","","",""
"SlugandLettuce","","","W1S 1YR","Slug & Lettuce Hanover Street","19–20 Hanover Street, London - Hanover Street, London, W1S 1YR","","",""
"SlugandLettuce","","","WC2H 7BG","Slug & Lettuce Leicester Square","5 Lisle Street, London - Leicester Square, London, WC2H 7BG","","",""
"SlugandLettuce","","","RM1 1NX","Slug & Lettuce Romford","105-111 South Street, Romford, Essex, RM1 1NX","","",""
"SlugandLettuce","","","E18 1AY","Slug & Lettuce South Woodford","184 George Lane, London, Greater London, E18 1AY","","",""
"SlugandLettuce","","","EC3A 8AA","Slug & Lettuce St Mary Axe","25 St Mary Axe, London - St Mary Axe, London, EC3A 8AA","","",""
"SlugandLettuce","","","EC2V 7JQ","Slug & Lettuce St Pauls","Corner of Wood St & Love Lane, London - St Pauls, London, EC2V 7JQ","","",""
"SlugandLettuce","","","SE10 0DY","Slug & Lettuce The O2","14 Entertainment Avenue, London - The O2, London, SE10 0DY","","",""
"SlugandLettuce","","","E1W 1AA","Slug & Lettuce Tower Bridge","Unit 1 Tower Bridge House, London - Tower Bridge, London, E1W 1AA","","",""
"SlugandLettuce","","","MK40 1RZ","Slug & Lettuce Bedford","53-55 High Street, Bedford, Bedfordshire, MK40 1RZ","","",""
"SlugandLettuce","","","CM14 4AP","Slug & Lettuce Brentwood","78–82 High Street, Brentwood, Essex, CM14 4AP","","",""
"SlugandLettuce","","","CM2 6FL","Slug & Lettuce Chelmsford","The Meadows, Chelmsford, Essex, CM2 6FL","","",""
"SlugandLettuce","","","CO1 1TB","Slug & Lettuce Colchester","111 High Street, Colchester, Essex, CO1 1TB","","",""
"SlugandLettuce","","","SS1 2NE","Slug & Lettuce Southend on Sea","6–8 Southchurch Road, Southend on Sea, Essex, SS1 2NE","","",""
"SlugandLettuce","","","AL1 3JJ","Slug & Lettuce St Albans","13–15 Victoria Street, St Albans, Hertfordshire, AL1 3JJ","","",""
"SlugandLettuce","","","WD17 1AH","Slug & Lettuce Watford","66-68 The Parade, Watford, Herts, WD17 1AH","","",""
"SlugandLettuce","","","B1 2HL","Slug & Lettuce Birmingham Brindley place","Brindleyplace, Birmingham - Brindley place, West Midlands, B1 2HL","","",""
"SlugandLettuce","","","B17 9PP","Slug & Lettuce Birmingham Harborne","186-196 High Street, Birmingham - Harborne, West-Midlands, B17 9PP","","",""
"SlugandLettuce","","","B61 8ES","Slug & Lettuce Bromsgrove","126-130 High Street, Bromsgrove, Worcestershire, B61 8ES","","",""
"SlugandLettuce","","","NG1 4DB","Slug & Lettuce Cornerhouse Nottingham","The Cornerhouse, Nottingham, Nottinghamshire, NG1 4DB","","",""
"SlugandLettuce","","","CV1 5RN","Slug & Lettuce Coventry","The Old County Hall,, Coventry, Warwickshire, CV1 5RN","","",""
"SlugandLettuce","","","DE1 3FJ","Slug & Lettuce Derby","11 Irongate, Derby, Derbyshire, DE1 3FJ","","",""
"SlugandLettuce","","","LN2 1JG","Slug & Lettuce Lincoln","274–277 High Street, Lincoln, Lincolnshire, LN2 1JG","","",""
"SlugandLettuce","","","NG1 6JB","Slug & Lettuce Nottingham Market Square","49 Long Row, Nottingham, Nottinghamshire, NG1 6JB","","",""
"SlugandLettuce","","","B91 3HT","Slug & Lettuce Solihull","22 Mill Lane Arcade, Solihull, West Midlands, B91 3HT","","",""
"SlugandLettuce","","","B72 1QA","Slug & Lettuce Sutton Coldfield - Birmingham","11-19 Birmingham Road, Sutton Coldfield, West Midlands, B72 1QA","","",""
"SlugandLettuce","","","WV1 1TL","Slug & Lettuce Wolverhampton","34 Queen Square, Wolverhampton, West Midlands, WV1 1TL","","",""
"SlugandLettuce","","","WR1 3PY","Slug & Lettuce Worcester","The Cross, Worcester, Worcestershire, WR1 3PY","","",""
"SlugandLettuce","","","DH1 1SQ","Slug & Lettuce Durham","Unit 7 Walkergate, Durham, Durham, DH1 1SQ","","",""
"SlugandLettuce","","","NE1 5JG","Slug & Lettuce Newcastle Central","30 Grainger Street, Newcastle upon Tyne, Northumberland, NE1 5JG","","",""
"SlugandLettuce","","","ST5 1PS","Slug & Lettuce Newcastle Under Lyme","85 High St, Newcastle-under-Lyme, Newcastle, ST5 1PS","","",""
"SlugandLettuce","","","NE1 3DW","Slug & Lettuce Newcastle Upon Tyne - Quayside","Exchange Buildings, Newcastle upon Tyne, Northumberland, NE1 3DW","","",""
"SlugandLettuce","","","FY1 1PD","Slug & Lettuce Blackpool","8-14 Queen Street, Blackpool, Lancashire, FY1 1PD","","",""
"SlugandLettuce","","","CH1 1NQ","Slug & Lettuce Chester","44 Bridge Street, Chester, Cheshire, CH1 1NQ","","",""
"SlugandLettuce","","","L2 4SH","Slug & Lettuce Liverpool","North John Street, Liverpool, Merseyside, L2 4SH","","",""
"SlugandLettuce","","","M2 5HD","Slug & Lettuce Manchester Albert Square","Ground Floor, Manchester - Albert Square, Greater Manchester, M2 5HD","","",""
"SlugandLettuce","","","M3 2EN","Slug & Lettuce Manchester Deansgate","64–66 Deansgate, Manchester - Deansgate, Manchester, M3 2EN","","",""
"SlugandLettuce","","","M20 6QZ","Slug & Lettuce Manchester Didsbury","651 Wilmslow Road, Didsbury, Greater Manchester, M20 6QZ","","",""
"SlugandLettuce","","","M1 3HU","Slug & Lettuce Manchester Piccadilly","Westminster House, Manchester - Piccadilly, Greater Manchester, M1 3HU","","",""
"SlugandLettuce","","","M3 3AN","Slug & Lettuce Manchester Spinningfields","Unit 5, Block A, Manchester - Spinningfields, Greater Manchester, M3 3AN","","",""
"SlugandLettuce","","","PR1 3AB","Slug & Lettuce Preston","144-146 Church Street, Preston, Lancashire, PR1 3AB","","",""
"SlugandLettuce","","","WA4 6LG","Slug & Lettuce Stockton Heath","Unit 1 & 2 Victoria Square, Stockton Heath, Cheshire, WA4 6LG","","",""
"SlugandLettuce","","","M33 7BS","Slug & Lettuce Waterside Sale","Unit 7 Waterside Plaza, Sale - Cheshire, Greater Manchester, M33 7BS","","",""
"SlugandLettuce","","","BH1 1HL","Slug & Lettuce - Old Christchurch Rd, Bournemouth","2 Dean Park Crescent, Bournemouth, Dorset, BH1 1HL","","",""
"SlugandLettuce","","","BH2 6EJ","Slug & Lettuce - The Square, Bournemouth","12 Richmond Hill, Bournemouth, Dorset, BH2 6EJ","","",""
"SlugandLettuce","","","PO16 0JN","Slug & Lettuce Fareham","64 West Street, Fareham, Hampshire, PO16 0JN","","",""
"SlugandLettuce","","","GU9 7RX","Slug & Lettuce Farnham","9–11 East Street, Farnham, Surrey, GU9 7RX","","",""
"SlugandLettuce","","","RG1 1DB","Slug & Lettuce Friar Street","7-9 Friar Street, Reading, Berkshire, RG1 1DB","","",""
"SlugandLettuce","","","PO1 3TR","Slug & Lettuce Gunwharf Quays","Unit R07 Gunwharf Quays, Portsmouth, Hampshire, PO1 3TR","","",""
"SlugandLettuce","","","PO30 1SS","Slug & Lettuce Isle of Wight","23-26 High street, Newport, Isle of Wight, PO30 1SS","","",""
"SlugandLettuce","","","MK9 2BQ","Slug & Lettuce Milton Keynes - The Hub","Manhattan House, Milton Keynes, Buckinghamshire, MK9 2BQ","","",""
"SlugandLettuce","","","RG14 5AN","Slug & Lettuce Newbury","1-3 Wharf Street, Newbury, Berkshire, RG14 5AN","","",""
"SlugandLettuce","","","OX1 1AY","Slug & Lettuce Oxford","1 Oxford Castle, Oxford, Oxfordshire, OX1 1AY","","",""
"SlugandLettuce","","","TW9 1TJ","Slug & Lettuce Richmond","Riverside House, Richmond, Surrey, TW9 1TJ","","",""
"SlugandLettuce","","","RG1 2AG","Slug & Lettuce Riverside","The Riverside Level, Reading, Berkshire, RG1 2AG","","",""
"SlugandLettuce","","","SO14 7FG","Slug & Lettuce Southampton","103–105 Above Bar Street, Southampton, Hampshire, SO14 7FG","","",""
"SlugandLettuce","","","TW18 4SU","Slug & Lettuce Staines","15–18 Clarence Street, Staines, Surrey, TW18 4SU","","",""
"SlugandLettuce","","","SM1 1DJ","Slug & Lettuce Sutton - London","33 - 35 High Street, Sutton, Surrey, SM1 1DJ","","",""
"SlugandLettuce","","","GU21 6HX","Slug & Lettuce Woking","5–7 Chobham Road, Woking, Surrey, GU21 6HX","","",""
"SlugandLettuce","","","BN11 1BJ","Slug & Lettuce Worthing","20 Chapel Road, Worthing, West Sussex, BN11 1BJ","","",""
"SlugandLettuce","","","BA1 2EE","Slug & Lettuce Bath","5–6 Edgar Buildings, Bath, Somerset, BA1 2EE","","",""
"SlugandLettuce","","","BS1 1UB","Slug & Lettuce Bristol City Centre","26–28 St Nicholas Street, Bristol, Bristol, BS1 1UB","","",""
"SlugandLettuce","","","BS1 5TY","Slug & Lettuce Bristol Harbourside","Explore Lane, Bristol - Harbourside, Avon, BS1 5TY","","",""
"SlugandLettuce","","","TR7 1ER","Slug & Lettuce Newquay","11-19 Gover Lane, Newquay, Cornwall, TR7 1ER","","",""
"SlugandLettuce","","","PL1 2EU","Slug & Lettuce Plymouth","Berkeley Square, Plymouth, Devon, PL1 2EU","","",""
"SlugandLettuce","","","BH15 1AB","Slug & Lettuce Poole","35–37 High Street, Poole, Dorset, BH15 1AB","","",""
"SlugandLettuce","","","DT4 8EU","Slug & Lettuce Weymouth","55-57 St Thomas Street, Weymouth, Dorset, DT4 8EU","","",""
"SlugandLettuce","","","EH2 4JN","Slug & Lettuce Edinburgh George Street","113-115 George Street, Edinburgh, Midlothian, EH2 4JN","","",""
"SlugandLettuce","","","EH1 3BN","Slug & Lettuce Edinburgh Omni Centre","Unit 8, Edinburgh, Omni Centre, Midlothian, EH1 3BN","","",""
"SlugandLettuce","","","G2 5NE","Slug & Lettuce Glasgow","150 St Vincent Street, Glasgow, Lanarkshire, G2 5NE","","",""
"SlugandLettuce","","","LS1 5DA","Slug & Lettuce Boar Lane","24-28 Boar Lane, Leeds - Boar Lane, Yorkshire, LS1 5DA","","",""
"SlugandLettuce","","","DN1 3PB","Slug & Lettuce Doncaster","53-54 Hall Gate, Doncaster, South Yorkshire, DN1 3PB","","",""
"SlugandLettuce","","","HD1 2QT","Slug & Lettuce Huddersfield","40-44 King Street, Huddersfield, West Yorkshire, HD1 2QT","","",""
"SlugandLettuce","","","LS1 5HU","Slug & Lettuce Leeds","14 Park Row, Leeds - Park Row, West Yorkshire, LS1 5HU","","",""
"SlugandLettuce","","","S1 2GT","Slug & Lettuce Sheffield","18 Holly Street, Sheffield, 0114 2536521, S1 2GT","","",""
"SlugandLettuce","","","YO1 9QU","Slug & Lettuce York Riverside","1–1A Low Ousegate, York Riverside, Yorkshire, YO1 9QU","","",""
"SlugandLettuce","","","YO1 8AD","Slug & Lettuce York","22–26 Back Swinegate, York, North Yorkshire, YO1 8AD","","",""
"SlugandLettuce","","","CF10 1FA","Slug & Lettuce Cardiff Central","84-86 St. Mary Street, Cardiff Central, Glamorgan, CF10 1FA","","",""
"SlugandLettuce","","","CF10 3FA","Slug & Lettuce Cardiff","The Friary Centre, Cardiff, Cardiff, CF10 3FA","","",""
"SlugandLettuce","","","SA1 3PP","Slug & Lettuce Swansea","1 - 4 Caer Street, Swansea, Swansea, SA1 3PP","","",""
